id,shortname,longname,nif,description
1,"EUROPEA","EUROPEA DE TITULIZACION, S.A., S.G.F.T.",A-80514466,"EUROPEA DE TITULIZACION"
2,"GESTICAIXA","GESTICAIXA, S.G.F.T., S.A.",A-58481227,"GESTICAIXA"
3,"GDAT","GESTION DE ACTIVOS TITULIZADOS, SGFT, S.A.",A-61604955,"GESTION DE ACTIVOS TITULIZADOS"
4,"HAYA","HAYA TITULIZACION, SGFT, S.A.",A80732142,"HAYA TITULIZACION"
5,"INTERMONEY","INTERMONEY TITULIZACION, S.G.F.T., S.A.",A-83774885,"INTERMONEY TITULIZACION"
6,"SANTANDER","SANTANDER DE TITULIZACION, SGFT, S.A.",A-80481419,"SANTANDER DE TITULIZACION"
7,"TDA","TITULIZACION DE ACTIVOS, S.A., S.G.F.T.",A-80352750,"TITULIZACION DE ACTIVOS"
